{"cameraMode":{"drawMode":0,"name":"Shaded","section":"Shading Mode"},"sceneLighting":true,"audioPlay":false,"sceneViewState":{"showFog":true,"showMaterialUpdate":false,"showSkybox":true,"showFlares":true,"showImageEffects":true,"showParticleSystems":true},"in2DMode":false,"pivot":{"x":-99.44853210449219,"y":-90.57708740234375,"z":92.70056915283203},"rotation":{"x":-0.26686450839042666,"y":0.3754846751689911,"z":-0.113741435110569,"w":-0.8803160190582275},"size":95.48539733886719,"orthographic":false}