{"cameraMode":{"drawMode":0,"name":"Shaded","section":"Shading Mode"},"sceneLighting":true,"audioPlay":false,"sceneViewState":{"showFog":true,"showMaterialUpdate":false,"showSkybox":true,"showFlares":true,"showImageEffects":true,"showParticleSystems":true},"in2DMode":false,"pivot":{"x":-6.917660713195801,"y":2.5091323852539064,"z":3.0226659774780275},"rotation":{"x":-0.0590549074113369,"y":0.8887688517570496,"z":-0.11963594704866409,"w":-0.4386403560638428},"size":14.70154857635498,"orthographic":false}