{"cameraMode":{"drawMode":0,"name":"Shaded","section":"Shading Mode"},"sceneLighting":true,"audioPlay":false,"sceneViewState":{"showFog":true,"showMaterialUpdate":false,"showSkybox":true,"showFlares":true,"showImageEffects":true,"showParticleSystems":true},"in2DMode":false,"pivot":{"x":-2.407508373260498,"y":1.4987378120422364,"z":5.066920757293701},"rotation":{"x":-0.2718936800956726,"y":-0.38570666313171389,"z":0.12016182392835617,"w":-0.8734784126281738},"size":2.207858085632324,"orthographic":false}