{"cameraMode":{"drawMode":0,"name":"Shaded","section":"Shading Mode"},"sceneLighting":true,"audioPlay":false,"sceneViewState":{"showFog":true,"showMaterialUpdate":false,"showSkybox":true,"showFlares":true,"showImageEffects":true,"showParticleSystems":true},"in2DMode":false,"pivot":{"x":6.902070999145508,"y":4.086742401123047,"z":-9.266380310058594},"rotation":{"x":0.01656360737979412,"y":0.8701070547103882,"z":0.028189662843942643,"w":-0.49203354120254519},"size":5.2229180335998539,"orthographic":false}