{"cameraMode":{"drawMode":0,"name":"Shaded","section":"Shading Mode"},"sceneLighting":true,"audioPlay":false,"sceneViewState":{"showFog":true,"showMaterialUpdate":false,"showSkybox":true,"showFlares":true,"showImageEffects":true,"showParticleSystems":true},"in2DMode":false,"pivot":{"x":-64.94306945800781,"y":1.1066508293151856,"z":-197.3338165283203},"rotation":{"x":-0.001453107688575983,"y":0.9899478554725647,"z":-0.010711058974266053,"w":-0.1414884775876999},"size":108.5459213256836,"orthographic":false}