{"cameraMode":{"drawMode":0,"name":"Shaded","section":"Shading Mode"},"sceneLighting":true,"audioPlay":false,"sceneViewState":{"showFog":true,"showMaterialUpdate":false,"showSkybox":true,"showFlares":true,"showImageEffects":true,"showParticleSystems":true},"in2DMode":false,"pivot":{"x":11.26893138885498,"y":7.163354873657227,"z":2.141472339630127},"rotation":{"x":-0.019295068457722665,"y":0.6081550121307373,"z":-0.02071772702038288,"w":-0.7942215800285339},"size":2.826951265335083,"orthographic":false}