{"cameraMode":{"drawMode":0,"name":"Shaded","section":"Shading Mode"},"sceneLighting":true,"audioPlay":false,"sceneViewState":{"showFog":true,"showMaterialUpdate":false,"showSkybox":true,"showFlares":true,"showImageEffects":true,"showParticleSystems":true},"in2DMode":false,"pivot":{"x":-12.097633361816407,"y":-128.18588256835938,"z":274.8030700683594},"rotation":{"x":0.22835524380207063,"y":-0.02808900736272335,"z":0.010631879791617394,"w":0.9740402102470398},"size":154.87930297851563,"orthographic":false}