{"cameraMode":{"drawMode":0,"name":"Shaded","section":"Shading Mode"},"sceneLighting":true,"audioPlay":false,"sceneViewState":{"showFog":true,"showMaterialUpdate":false,"showSkybox":true,"showFlares":true,"showImageEffects":true,"showParticleSystems":true},"in2DMode":false,"pivot":{"x":1.5792179107666016,"y":-1.411412239074707,"z":1.8356945514678956},"rotation":{"x":-0.2458498775959015,"y":-0.5916640162467957,"z":0.19595737755298615,"w":-0.7423779964447022},"size":13.467107772827149,"orthographic":false}