{"cameraMode":{"drawMode":0,"name":"Shaded","section":"Shading Mode"},"sceneLighting":true,"audioPlay":false,"sceneViewState":{"showFog":true,"showMaterialUpdate":false,"showSkybox":true,"showFlares":true,"showImageEffects":true,"showParticleSystems":true},"in2DMode":false,"pivot":{"x":-2.9828805923461916,"y":-4.219093322753906,"z":5.82151985168457},"rotation":{"x":0.05987105146050453,"y":0.8937594890594482,"z":-0.42706185579299929,"w":0.1243714839220047},"size":15.998530387878418,"orthographic":false}