{"cameraMode":{"drawMode":0,"name":"Shaded","section":"Shading Mode"},"sceneLighting":true,"audioPlay":false,"sceneViewState":{"showFog":true,"showMaterialUpdate":false,"showSkybox":true,"showFlares":true,"showImageEffects":true,"showParticleSystems":true},"in2DMode":false,"pivot":{"x":74.13961791992188,"y":-147.89234924316407,"z":-101.05316162109375},"rotation":{"x":0.2535586357116699,"y":-0.36481523513793948,"z":0.10458984225988388,"w":0.8899058699607849},"size":268.00054931640627,"orthographic":false}