{"cameraMode":{"drawMode":0,"name":"Shaded","section":"Shading Mode"},"sceneLighting":true,"audioPlay":false,"sceneViewState":{"showFog":true,"showMaterialUpdate":false,"showSkybox":true,"showFlares":true,"showImageEffects":true,"showParticleSystems":true},"in2DMode":false,"pivot":{"x":209.26559448242188,"y":-55.23573684692383,"z":25.614107131958009},"rotation":{"x":0.10260031372308731,"y":0.6469781994819641,"z":-0.08180645108222962,"w":0.7522676587104797},"size":118.93115234375,"orthographic":false}