{"cameraMode":{"drawMode":0,"name":"Shaded","section":"Shading Mode"},"sceneLighting":true,"audioPlay":false,"sceneViewState":{"showFog":true,"showMaterialUpdate":false,"showSkybox":true,"showFlares":true,"showImageEffects":true,"showParticleSystems":true},"in2DMode":false,"pivot":{"x":-24.93743133544922,"y":-158.7693328857422,"z":-9.321516036987305},"rotation":{"x":-0.42319411039352419,"y":0.5764275789260864,"z":-0.4789336919784546,"w":-0.5092737078666687},"size":93.5245361328125,"orthographic":false}