{"cameraMode":{"drawMode":0,"name":"Shaded","section":"Shading Mode"},"sceneLighting":true,"audioPlay":false,"sceneViewState":{"showFog":true,"showMaterialUpdate":false,"showSkybox":true,"showFlares":true,"showImageEffects":true,"showParticleSystems":true},"in2DMode":false,"pivot":{"x":6.9426140785217289,"y":2.541980028152466,"z":10.271583557128907},"rotation":{"x":0.06753255426883698,"y":0.08017225563526154,"z":-0.005551845766603947,"w":0.9945207834243774},"size":14.722350120544434,"orthographic":false}