{"cameraMode":{"drawMode":0,"name":"Shaded","section":"Shading Mode"},"sceneLighting":true,"audioPlay":false,"sceneViewState":{"showFog":true,"showMaterialUpdate":false,"showSkybox":true,"showFlares":true,"showImageEffects":true,"showParticleSystems":true},"in2DMode":false,"pivot":{"x":289.9988098144531,"y":-48.927364349365237,"z":-37.45869827270508},"rotation":{"x":0.058861225843429568,"y":0.7499182820320129,"z":-0.0612674281001091,"w":0.6574225425720215},"size":154.87930297851563,"orthographic":false}