{"cameraMode":{"drawMode":0,"name":"Shaded","section":"Shading Mode"},"sceneLighting":true,"audioPlay":false,"sceneViewState":{"showFog":true,"showMaterialUpdate":false,"showSkybox":false,"showFlares":true,"showImageEffects":true,"showParticleSystems":true},"in2DMode":false,"pivot":{"x":4.83001708984375,"y":8.435603141784668,"z":4.354755401611328},"rotation":{"x":-0.19790510833263398,"y":0.4048364758491516,"z":-0.09565288573503494,"w":-0.888418972492218},"size":114.73909759521485,"orthographic":false}