{"cameraMode":{"drawMode":0,"name":"Shaded","section":"Shading Mode"},"sceneLighting":true,"audioPlay":false,"sceneViewState":{"showFog":true,"showMaterialUpdate":false,"showSkybox":true,"showFlares":true,"showImageEffects":true,"showParticleSystems":true},"in2DMode":false,"pivot":{"x":16.09054946899414,"y":-8.610387802124024,"z":-3.317246675491333},"rotation":{"x":0.19410711526870728,"y":0.7229424715042114,"z":-0.22513587772846223,"w":0.6237600445747376},"size":23.978260040283204,"orthographic":false}