{"cameraMode":{"drawMode":0,"name":"Shaded","section":"Shading Mode"},"sceneLighting":true,"audioPlay":false,"sceneViewState":{"showFog":true,"showMaterialUpdate":false,"showSkybox":true,"showFlares":true,"showImageEffects":true,"showParticleSystems":true},"in2DMode":false,"pivot":{"x":170.42811584472657,"y":-104.0694580078125,"z":-125.11923217773438},"rotation":{"x":0.116057388484478,"y":0.8563663959503174,"z":-0.20538344979286195,"w":0.4611894190311432},"size":118.93115234375,"orthographic":false}