{"cameraMode":{"drawMode":0,"name":"Shaded","section":"Shading Mode"},"sceneLighting":true,"audioPlay":false,"sceneViewState":{"showFog":true,"showMaterialUpdate":false,"showSkybox":true,"showFlares":true,"showImageEffects":true,"showParticleSystems":true},"in2DMode":false,"pivot":{"x":9.01878547668457,"y":1.4339632987976075,"z":13.343002319335938},"rotation":{"x":0.06220325827598572,"y":0.1819242686033249,"z":-0.011560933664441109,"w":0.9812958240509033},"size":16.99134063720703,"orthographic":false}