{"cameraMode":{"drawMode":0,"name":"Shaded","section":"Shading Mode"},"sceneLighting":true,"audioPlay":false,"sceneViewState":{"showFog":true,"showMaterialUpdate":false,"showSkybox":true,"showFlares":true,"showImageEffects":true,"showParticleSystems":true},"in2DMode":false,"pivot":{"x":0.07210437208414078,"y":15.080554008483887,"z":23.234813690185548},"rotation":{"x":0.06090528890490532,"y":-0.0036768291611224415,"z":0.003582389559596777,"w":0.9990809559822083},"size":11.186738014221192,"orthographic":false}