{"cameraMode":{"drawMode":0,"name":"Shaded","section":"Shading Mode"},"sceneLighting":true,"audioPlay":false,"sceneViewState":{"showFog":true,"showMaterialUpdate":false,"showSkybox":true,"showFlares":true,"showImageEffects":true,"showParticleSystems":true},"in2DMode":false,"pivot":{"x":-0.1873965859413147,"y":1.683490514755249,"z":8.838150024414063},"rotation":{"x":0.05877531319856644,"y":0.006299609784036875,"z":-0.0003977062297053635,"w":0.998275637626648},"size":15.480548858642579,"orthographic":false}