{"cameraMode":{"drawMode":0,"name":"Shaded","section":"Shading Mode"},"sceneLighting":true,"audioPlay":false,"sceneViewState":{"showFog":true,"showMaterialUpdate":false,"showSkybox":true,"showFlares":true,"showImageEffects":true,"showParticleSystems":true},"in2DMode":false,"pivot":{"x":2.9316189289093019,"y":6.714348793029785,"z":-8.360308647155762},"rotation":{"x":-0.04225754737854004,"y":-0.04316902905702591,"z":0.0018549773376435042,"w":-0.9982038736343384},"size":4.47907018661499,"orthographic":false}