{"cameraMode":{"drawMode":0,"name":"Shaded","section":"Shading Mode"},"sceneLighting":true,"audioPlay":false,"sceneViewState":{"showFog":true,"showMaterialUpdate":false,"showSkybox":true,"showFlares":true,"showImageEffects":true,"showParticleSystems":true},"in2DMode":false,"pivot":{"x":118.17471313476563,"y":-410.00567626953127,"z":-490.95880126953127},"rotation":{"x":-0.10612772405147553,"y":-0.8943759202957153,"z":0.3020135760307312,"w":-0.31287655234336855},"size":576.324951171875,"orthographic":false}